{"count":1,"gauges":{},"self":9.566404,"total":9.795864,"children":{"AgentSendState":{"count":245,"self":0.007787,"total":0.011549,"children":{"CollectObservations":{"count":49,"self":0.0037619999999999997,"total":0.0037619999999999997,"children":null}}},"DecideAction":{"count":245,"self":0.14032,"total":0.14032,"children":null},"AgentAct":{"count":245,"self":0.076020999999999991,"total":0.076020999999999991,"children":null}}}