{"count":1,"gauges":{"MarathonMan-v0.CumulativeReward":{"count":10,"max":68.76201,"min":1.37128317,"value":68.76201,"weightedAverage":36.93121}},"self":19.8345472,"total":52.491144,"children":{"AgentSendState":{"count":3707,"self":0.17951899999999998,"total":31.785259,"children":{"CollectObservations":{"count":2124,"self":31.6057408,"total":31.605739999999997,"children":null}}},"DecideAction":{"count":3707,"self":0.714469,"total":0.714469,"children":null},"AgentAct":{"count":3707,"self":0.155908,"total":0.155908,"children":null}}}