{"count":1,"gauges":{"Hopper-v0.CumulativeReward":{"count":1,"max":484.963928,"min":484.963928,"value":484.963928,"weightedAverage":484.963928}},"self":28.835036799999997,"total":30.421398999999997,"children":{"AgentSendState":{"count":5591,"self":0.20198,"total":0.35164,"children":{"CollectObservations":{"count":1092,"self":0.14966,"total":0.14966,"children":null}}},"DecideAction":{"count":5591,"self":0.985744,"total":0.985744,"children":null},"AgentAct":{"count":5591,"self":0.24825999999999998,"total":0.24825999999999998,"children":null}}}