{"count":1,"gauges":{"MarathonManBackflip-v0.CumulativeReward":{"count":3,"max":147.8452,"min":92.51389,"value":147.8452,"weightedAverage":106.351593}},"self":6.8414791999999993,"total":7.579714,"children":{"AgentSendState":{"count":1086,"self":0.022455,"total":0.043706999999999996,"children":{"CollectObservations":{"count":385,"self":0.021252,"total":0.021252,"children":null}}},"DecideAction":{"count":1086,"self":0.436544,"total":0.436544,"children":null},"AgentAct":{"count":1086,"self":0.256665,"total":0.256665,"children":null}}}