{"count":1,"gauges":{},"self":6.2836631999999994,"total":6.974048,"children":{"AgentSendState":{"count":878,"self":0.020499999999999997,"total":0.043453,"children":{"CollectObservations":{"count":459,"self":0.022952999999999998,"total":0.022952999999999998,"children":null}}},"DecideAction":{"count":878,"self":0.39203699999999997,"total":0.39203699999999997,"children":null},"AgentAct":{"count":878,"self":0.25321299999999997,"total":0.25321299999999997,"children":null}}}