{"count":1,"gauges":{},"self":53.9367296,"total":54.34158,"children":{"AgentSendState":{"count":4908,"self":0.031279999999999995,"total":0.327719,"children":{"CollectObservations":{"count":1607,"self":0.296439,"total":0.296439,"children":null}}},"DecideAction":{"count":3301,"self":0.013568,"total":0.013568,"children":null},"AgentAct":{"count":3301,"self":0.063552,"total":0.063552,"children":null}}}