{"count":1,"gauges":{"ControllerMarathonMan-v0.CumulativeReward":{"count":28,"max":2177.49829,"min":65.48308,"value":2177.49829,"weightedAverage":1266.273}},"self":211.82506239999998,"total":221.567566,"children":{"AgentSendState":{"count":31618,"self":0.30660299999999996,"total":4.38836,"children":{"CollectObservations":{"count":18513,"self":4.0817568,"total":4.081757,"children":null}}},"DecideAction":{"count":31618,"self":3.7489592,"total":3.7489589999999997,"children":null},"AgentAct":{"count":31618,"self":1.604434,"total":1.604434,"children":null}}}